codigo_municipio,codigo_uf_ibge,sigla_uf,nome_municipio,nome_municipio_padronizado,ano,populacao_total,populacao_crescimento_pct,ano_referencia_idhm,idhm,idhm_renda,idhm_educacao,idhm_longevidade,ideb,fluxo,aprendizado,nota_mt,nota_lp,crimes_total_indicadores,mortes_violentas_intencionais,homicidios_dolosos,feminicidios,estupros,furto_veiculos,taxa_crimes_100k,taxa_mortes_violentas_100k,taxa_homicidios_100k,taxa_feminicidios_100k,taxa_estupros_100k,taxa_furto_veiculos_100k,lag_1_taxa_crimes_100k,lag_1_taxa_mortes_violentas_100k,variacao_taxa_crimes_100k_pct,risco_indice
1100205,11,RO,Porto Velho,porto velho,2016,499293,,2010,0.736,0.764,0.638,0.819,,,,,,3882.0,191,173,0.0,382.0,1867.0,777.4993841291586,38.2540912850771,34.64899367705936,0.0,76.5081825701542,373.9287352316175,,,,0.4439547501079746
1100205,11,RO,Porto Velho,porto velho,2017,509323,2.008840500467657,2010,0.736,0.764,0.638,0.819,4.0,0.8735,4.5271,272.03,268.33,3857.0,158,152,0.0,355.0,1860.0,757.2797615658433,31.021571772725753,29.843537401609588,0.0,69.7003669577066,365.19065504601207,777.4993841291586,38.2540912850771,-2.600596601881855,0.38173260439367035
1100205,11,RO,Porto Velho,porto velho,2018,519531,2.004229143392311,2010,0.736,0.764,0.638,0.819,,,,,,3863.0,160,152,4.0,355.0,1860.0,743.5552450190653,30.797007300815544,29.257156935774766,0.7699251825203886,68.33085994868449,358.0152098719807,757.2797615658433,31.021571772725753,-1.8123442937917011,0.4608603226433497
1100205,11,RO,Porto Velho,porto velho,2019,529544,1.927315213144154,2010,0.736,0.764,0.638,0.819,4.3,0.8947,4.7708,278.81,278.25,4406.0,119,105,1.0,345.0,1991.0,832.0366201864244,22.47216473040956,19.828380644479022,0.18884172042360975,65.15039354614537,375.983865363407,743.5552450190653,30.797007300815544,11.899771504549129,0.32539163715251007
1100205,11,RO,Porto Velho,porto velho,2020,539354,1.8525372773556148,2010,0.736,0.764,0.638,0.819,,,,,,468.0,161,141,5.0,285.0,0.0,86.77046985838614,29.85052488717985,26.14238514964198,0.9270349343844674,52.84099125991464,0.0,832.0366201864244,22.47216473040956,-89.57131600302105,0.4163157964149485
1100205,11,RO,Porto Velho,porto velho,2021,548952,1.7795362600444342,2010,0.736,0.764,0.638,0.819,4.1,0.8986,4.5287,267.67,272.53,456.0,178,161,3.0,264.0,0.0,83.0673720106676,32.425421530479895,29.328611609029572,0.5464958684912342,48.091636427228615,0.0,86.77046985838614,29.85052488717985,-4.267693667859795,0.37857702984523695
1200401,12,AC,Rio Branco,rio branco,2016,388932,,2010,0.727,0.729,0.661,0.798,,,,,,351.0,233,226,0.0,111.0,0.0,90.24713831723797,59.90764452397848,58.107844044717325,0.0,28.539693313998335,0.0,,,,0.4483006190573985
1200401,12,AC,Rio Branco,rio branco,2017,394924,1.5406292102475572,2010,0.727,0.729,0.661,0.798,3.8,0.877,4.3461,263.28,264.45,361.0,321,308,0.0,27.0,0.0,91.40999280874296,81.28146174960246,77.9896891553818,0.0,6.836758464919832,0.0,90.24713831723797,59.90764452397848,1.2885222880057556,0.5213009441857994
1200401,12,AC,Rio Branco,rio branco,2018,401155,1.5777719257376033,2010,0.727,0.729,0.661,0.798,,,,,,289.0,227,218,5.0,48.0,0.0,72.04197878625469,56.58660617467064,54.34308434395682,1.2464010170632298,11.965449763807008,0.0,91.40999280874296,81.28146174960246,-21.188070830518434,0.5119875075201659
1200401,12,AC,Rio Branco,rio branco,2019,407319,1.536563173835548,2010,0.727,0.729,0.661,0.798,3.9,0.8622,4.5578,270.18,272.12,1618.0,175,171,4.0,182.0,515.0,397.2316538143323,42.9638686140347,41.98183733142819,0.9820312826065074,44.68242335859609,126.43652763558782,72.04197878625469,56.58660617467064,451.3891490861193,0.49577375413169417
1200401,12,AC,Rio Branco,rio branco,2020,413418,1.497352198154278,2010,0.727,0.729,0.661,0.798,,,,,,1451.0,184,176,7.0,184.0,270.0,350.9764935247135,44.50701227329241,42.57192478314926,1.6932015538752545,44.50701227329241,65.30920279233125,397.2316538143323,42.9638686140347,-11.644379254639825,0.5820769144136093
1200401,12,AC,Rio Branco,rio branco,2021,419452,1.459539739440463,2010,0.727,0.729,0.661,0.798,4.0,0.8675,4.6031,269.13,276.13,1414.0,97,92,4.0,213.0,303.0,337.10651039928285,23.125411250870183,21.93337974309337,0.9536252062214509,50.78054223129225,72.2371093712749,350.9764935247135,44.50701227329241,-3.9518267978975063,0.3756242642306279
1302603,13,AM,Manaus,manaus,2016,2070529,,2010,0.737,0.738,0.658,0.826,,,,,,8149.0,961,801,0.0,783.0,2693.0,393.57091834985164,46.41325960660295,38.685765811538985,0.0,37.81642275959429,130.06337993817039,,,,0.36493777087844326
1302603,13,AM,Manaus,manaus,2017,2107646,1.7926336699461751,2010,0.737,0.738,0.658,0.826,3.5,0.8745,4.0231,250.93,254.46,10178.0,1083,961,0.0,865.0,3542.0,482.90842010470453,51.384340634053345,45.595892289312346,0.0,41.04104769017188,168.05478718912,393.57091834985164,46.41325960660295,22.6992131759693,0.4155049839077596
1302603,13,AM,Manaus,manaus,2018,2145444,1.7933751683157473,2010,0.737,0.738,0.658,0.826,,,,,,7418.0,1008,892,3.0,988.0,2257.0,345.75593676646884,46.98328178223249,41.57647554538827,0.13983119578045383,46.0510738103628,105.19966962549478,482.90842010470453,51.384340634053345,-28.401344360178726,0.41806278046099915
1302603,13,AM,Manaus,manaus,2019,2182763,1.739453465110263,2010,0.737,0.738,0.658,0.826,3.6,0.8684,4.0962,251.7,258.62,6322.0,984,838,12.0,855.0,1972.0,289.6329102151722,45.080478274553855,38.39170812406111,0.5497619301774861,39.17053752514588,90.34421052583355,345.75593676646884,46.98328178223249,-16.231977699692646,0.42514547257126406
1302603,13,AM,Manaus,manaus,2020,2219580,1.6867154152787167,2010,0.737,0.738,0.658,0.826,,,,,,5300.0,783,657,13.0,690.0,1882.0,238.78391407383378,35.27694428675696,29.600194631416755,0.5856963930112905,31.086962398291572,84.79081628055758,289.6329102151722,45.080478274553855,-17.55635991212533,0.3406038682604777
1302603,13,AM,Manaus,manaus,2021,2255903,1.636480775642246,2010,0.737,0.738,0.658,0.826,3.7,0.9165,4.03,248.03,257.64,5787.0,1185,1060,11.0,590.0,1710.0,256.52698719758786,52.528854299143184,46.98783591315761,0.48760961796672997,26.15360678185188,75.80113152028257,238.78391407383378,35.27694428675696,7.430598159249446,0.4323383358820038
1400100,14,RR,Boa Vista,boa vista,2016,334801,,2010,0.752,0.737,0.708,0.816,,,,,,63.0,57,51,0.0,0.0,0.0,18.81714809692922,17.025038754364534,15.232929411799844,0.0,0.0,0.0,,,,0.06704743512381298
1400100,14,RR,Boa Vista,boa vista,2017,351112,4.871849247762095,2010,0.752,0.737,0.708,0.816,3.5,0.8457,4.1174,256.73,255.32,1440.0,135,118,0.0,185.0,758.0,410.1255439859646,38.44926974868418,33.607509854405436,0.0,52.689740025974615,215.885529403723,18.81714809692922,17.025038754364534,2079.530829397539,0.3668476073088578
1400100,14,RR,Boa Vista,boa vista,2018,375374,6.910045797352415,2010,0.752,0.737,0.708,0.816,,,,,,1609.0,175,155,2.0,219.0,644.0,428.63917053392083,46.62017081630587,41.29215129444234,0.5328019521863527,58.341813764405636,171.5622286040056,410.1255439859646,38.44926974868418,4.514136419795833,0.498127699270735
1400100,14,RR,Boa Vista,boa vista,2019,399213,6.350732869085229,2010,0.752,0.737,0.708,0.816,3.9,0.8782,4.4328,265.66,268.01,1466.0,146,124,5.0,222.0,603.0,367.2225102889936,36.57195532209622,31.061112739314602,1.2524642233594598,55.60941151716001,151.04718533715084,428.63917053392083,46.62017081630587,-14.32828926213755,0.5010216234775273
1400100,14,RR,Boa Vista,boa vista,2020,419652,5.119823252248801,2010,0.752,0.737,0.708,0.816,,,,,,1265.0,133,100,5.0,275.0,543.0,301.44024096155863,31.692926520069012,23.829268060202264,1.191463403010113,65.53048716555622,129.39292556689827,367.2225102889936,36.57195532209622,-17.91346322306501,0.48379817408213943
1400100,14,RR,Boa Vista,boa vista,2021,436591,4.036439716717655,2010,0.752,0.737,0.708,0.816,4.0,0.8991,4.3988,263.0,268.23,856.0,152,128,2.0,0.0,423.0,196.0645088881814,34.81519316706025,29.318057403840207,0.45809464693500324,0.0,96.88701782675318,301.44024096155863,31.692926520069012,-34.957420328898735,0.22693381861320153
1501402,15,PA,Belem,belem,2016,1471671,,2010,0.746,0.751,0.673,0.822,,,,,,4436.0,978,878,0.0,481.0,1012.0,301.4260660161137,66.45507046072119,59.660073481097335,0.0,32.68393547199068,68.76536943379328,,,,0.48877335650233483
1501402,15,PA,Belem,belem,2017,1478601,0.4708932906879237,2010,0.746,0.751,0.673,0.822,3.1,0.8035,3.828,246.29,245.78,5159.0,989,875,0.0,573.0,1356.0,348.9108961782117,66.88755113786613,59.17756041014445,0.0,38.752848131443166,91.708310761321,301.4260660161137,66.45507046072119,15.753392130181453,0.5075023078713337
1501402,15,PA,Belem,belem,2018,1485732,0.4822802094682776,2010,0.746,0.751,0.673,0.822,,,,,,4536.0,1043,846,8.0,552.0,1158.0,305.30405214399366,70.20108606397385,56.941628772887704,0.5384551184197419,37.15340317096219,77.94137839125764,348.9108961782117,66.88755113786613,-12.497988601635758,0.5663958749309819
1501402,15,PA,Belem,belem,2019,1492745,0.4720232181847139,2010,0.746,0.751,0.673,0.822,3.4,0.8212,4.1551,254.49,259.94,2641.0,456,329,4.0,354.0,1007.0,176.92238125064898,30.547749280687594,22.03993314330311,0.2679627129884877,23.714700099481156,67.45961299485177,305.30405214399366,70.20108606397385,-42.0504313623701,0.2401558522180215
1501402,15,PA,Belem,belem,2020,1499641,0.4619677171921577,2010,0.746,0.751,0.673,0.822,,,,,,2520.0,384,292,4.0,490.0,850.0,168.04021762541834,25.60612840006375,19.471326804215142,0.26673050416733074,32.67448676049801,56.68023213555778,176.92238125064898,30.547749280687594,-5.02037309380724,0.2423559621990978
1501402,15,PA,Belem,belem,2021,1506420,0.452041521937585,2010,0.746,0.751,0.673,0.822,3.2,0.769,4.1016,250.81,259.82,1866.0,336,245,12.0,611.0,183.0,123.8698370972239,22.30453658342295,16.263724592079235,0.7965905922651053,40.55973765616495,12.148006532042857,168.04021762541834,25.60612840006375,-26.285600645111927,0.30403261407597815
1600303,16,AP,Macapa,macapa,2016,473894,,2010,0.733,0.723,0.663,0.82,,,,,,1617.0,289,210,0.0,306.0,791.0,341.21554609258607,60.98410192996746,44.313707284751445,0.0,64.57140204349496,166.9149641058971,,,,0.5170623539478532
1600303,16,AP,Macapa,macapa,2017,483841,2.0989926017210614,2010,0.733,0.723,0.663,0.82,3.2,0.8086,3.9835,249.11,253.52,1619.0,313,251,0.0,306.0,717.0,334.61405709726955,64.69067317569201,51.876546220762606,0.0,63.24391690658708,148.18917784974818,341.21554609258607,60.98410192996746,-1.934697604172253,0.5513803398697764
1600303,16,AP,Macapa,macapa,2018,493634,2.0240120204777945,2010,0.733,0.723,0.663,0.82,,,,,,1598.0,348,274,2.0,231.0,639.0,323.7216237131154,70.49757512651074,55.50671145018374,0.4051584777385674,46.79580417880454,129.4481336374723,334.61405709726955,64.69067317569201,-3.255222891304843,0.577623001900547
1600303,16,AP,Macapa,macapa,2019,503327,1.9636005623599573,2010,0.733,0.723,0.663,0.82,3.4,0.823,4.1707,254.3,261.16,2088.0,325,203,5.0,336.0,734.0,414.8396569228355,64.57034889842984,40.33163331194233,0.9933899830527669,66.75580686114594,145.82964951214618,323.7216237131154,70.49757512651074,28.14703329502315,0.6336142253034635
1600303,16,AP,Macapa,macapa,2020,512902,1.9023418175460491,2010,0.733,0.723,0.663,0.82,,,,,,942.0,247,151,4.0,282.0,206.0,183.6608162962905,48.15734779743499,29.440321932844874,0.7798760776912549,54.98126347723346,40.16361800109963,414.8396569228355,64.57034889842984,-55.727276013427684,0.48001337942429667
1600303,16,AP,Macapa,macapa,2021,522357,1.843432078642704,2010,0.733,0.723,0.663,0.82,3.3,0.7736,4.2784,256.16,266.61,1155.0,330,184,2.0,316.0,248.0,221.11314675595426,63.1751847874155,35.22495151783168,0.38287990780251824,60.495025432797874,47.47710856751225,183.6608162962905,48.15734779743499,20.392118043972896,0.5235847573221084
1721000,17,TO,Palmas,palmas,2016,277511,,2010,0.788,0.789,0.749,0.827,,,,,,1810.0,93,93,0.0,66.0,1431.0,652.2263982328628,33.51218510257251,33.51218510257251,0.0,23.78284104053533,515.6552352879705,,,,0.2596773277369256
1721000,17,TO,Palmas,palmas,2017,284479,2.5108914601583265,2010,0.788,0.789,0.749,0.827,3.8,0.8752,4.3333,265.77,261.26,980.0,80,77,0.0,84.0,676.0,344.48939992055654,28.121583666984204,27.0670242794723,0.0,29.527662850333414,237.62738198601653,652.2263982328628,33.51218510257251,-47.182542618036706,0.23721948236544016
1721000,17,TO,Palmas,palmas,2018,291855,2.592810014095948,2010,0.788,0.789,0.749,0.827,,,,,,998.0,73,65,0.0,123.0,606.0,341.9506261671035,25.01242055130116,22.271333367596924,0.0,42.14421544945264,207.6373541655959,344.48939992055654,28.121583666984204,-0.7369671618454698,0.2495650892050366
1721000,17,TO,Palmas,palmas,2019,299127,2.491648249987155,2010,0.788,0.789,0.749,0.827,4.0,0.8977,4.4629,269.19,266.71,962.0,75,59,1.0,114.0,597.0,321.6025300290512,25.072962320352225,19.724063692010418,0.334306164271363,38.11090272693538,199.58078007000373,341.9506261671035,25.01242055130116,-5.95059478794715,0.26590822585222823
1721000,17,TO,Palmas,palmas,2020,306296,2.3966408916614057,2010,0.788,0.789,0.749,0.827,,,,,,819.0,103,91,0.0,128.0,430.0,267.3884085982187,33.62760205813984,29.709823177579857,0.0,41.7896413926398,140.3870765533993,321.6025300290512,25.072962320352225,-16.857492205031843,0.30317303536092205
1721000,17,TO,Palmas,palmas,2021,313349,2.302674537049132,2010,0.788,0.789,0.749,0.827,4.2,0.9531,4.4358,265.96,267.93,817.0,70,55,7.0,157.0,460.0,260.7316442688504,22.33930856648657,17.552313873668016,2.233930856648657,50.10387778483416,146.8011705797689,267.3884085982187,33.62760205813984,-2.4895485800100037,0.4991456711283565
2111300,21,MA,Sao Luis,sao luis,2016,1079751,,2010,0.768,0.741,0.752,0.813,,,,,,2984.0,560,498,0.0,224.0,487.0,276.3600126325421,51.86380934122774,46.12174473559182,0.0,20.745523736491098,45.1029913378177,,,,0.3556986808999825
2111300,21,MA,Sao Luis,sao luis,2017,1087308,0.6998835842708218,2010,0.768,0.741,0.752,0.813,3.5,0.8789,4.0278,251.68,254.07,2377.0,473,403,0.0,272.0,539.0,218.61330920033697,43.50193321487564,37.06401498011603,0.0,25.015910855065904,49.57197040764898,276.3600126325421,51.86380934122774,-20.895462727086777,0.30961615825857003
2111300,21,MA,Sao Luis,sao luis,2018,1094667,0.6768091469942172,2010,0.768,0.741,0.752,0.813,,,,,,2243.0,297,256,0.0,209.0,735.0,204.90249546209031,27.131538632296397,23.386107373292518,0.0,19.092564222727095,67.14370671628906,218.61330920033697,43.50193321487564,-6.271719589442782,0.18875804642728067
2111300,21,MA,Sao Luis,sao luis,2019,1101884,0.6592872535666094,2010,0.768,0.741,0.752,0.813,3.8,0.915,4.1377,253.47,259.73,2480.0,264,204,8.0,275.0,748.0,225.0690635311884,23.958964827513604,18.51374554853324,0.726029237197382,24.95725502866,67.8837336779552,204.90249546209031,27.131538632296397,9.84203146165643,0.26083976107283496
2111300,21,MA,Sao Luis,sao luis,2020,1108975,0.6435341651208404,2010,0.768,0.741,0.752,0.813,,,,,,2166.0,280,246,6.0,187.0,654.0,195.31549403728667,25.248540318762824,22.182646137198766,0.5410401496877747,16.862417998602314,58.97337631596745,225.0690635311884,23.958964827513604,-13.21975087428161,0.2318432047042988
2111300,21,MA,Sao Luis,sao luis,2021,1115932,0.6273360535629768,2010,0.768,0.741,0.752,0.813,3.6,0.9032,4.0066,247.27,256.79,2635.0,254,212,3.0,204.0,682.0,236.1254986862999,22.761243516630046,18.997573328840826,0.26883358484208714,18.280683769261927,61.11483495410114,195.31549403728667,25.248540318762824,20.894402080165953,0.18645615454594977
2211001,22,PI,Teresina,teresina,2016,854589,,2010,0.751,0.731,0.707,0.82,,,,,,4206.0,367,341,0.0,226.0,1104.0,492.1664098180529,42.94462016244066,39.90222200379363,0.0,26.44546091747027,129.18490642870432,,,,0.3218791126208792
2211001,22,PI,Teresina,teresina,2017,857872,0.384161275186079,2010,0.751,0.731,0.707,0.82,3.6,0.8564,4.2467,263.14,257.94,3972.0,319,291,0.0,277.0,1143.0,463.00613611354606,37.18503459723595,33.92114441315255,0.0,32.28919932111084,133.23666001454762,492.1664098180529,42.94462016244066,-5.92488091889225,0.3000619211833635
2211001,22,PI,Teresina,teresina,2018,861442,0.4161459984706406,2010,0.751,0.731,0.707,0.82,,,,,,5595.0,337,300,9.0,224.0,2024.0,649.4923628056213,39.12045152198291,34.825327764376475,1.0447598329312944,26.0029113974011,234.95487798365997,463.00613611354606,37.18503459723595,40.27726894883785,0.40706497814921544
2211001,22,PI,Teresina,teresina,2019,864845,0.395035301273916,2010,0.751,0.731,0.707,0.82,4.0,0.8793,4.5994,273.09,272.17,5638.0,242,224,5.0,259.0,1809.0,651.9087235284935,27.98189270909816,25.90059490428921,0.5781382791135984,29.947562858084396,209.1704293832999,649.4923628056213,39.12045152198291,0.3720383581470088,0.2987648376229573
2211001,22,PI,Teresina,teresina,2020,868075,0.3734773283073922,2010,0.751,0.731,0.707,0.82,,,,,,4721.0,293,270,6.0,285.0,1162.0,543.8470178268007,33.752843936295825,31.103303286006394,0.6911845174668088,32.831264579673416,133.85940154940528,651.9087235284935,27.98189270909816,-16.576201821138802,0.3578022723640243
2211001,22,PI,Teresina,teresina,2021,871126,0.3514673271318713,2010,0.751,0.731,0.707,0.82,4.2,0.9378,4.4881,267.87,269.63,5022.0,322,308,11.0,351.0,873.0,576.4952486781476,36.9636539375475,35.35653854895847,1.26273351960566,40.292678671053324,100.21512387415827,543.8470178268007,33.752843936295825,6.003201227765942,0.4704657752669522
2304400,23,CE,Fortaleza,fortaleza,2016,2607779,,2010,0.754,0.749,0.695,0.824,,,,,,10781.0,1046,965,0.0,458.0,2820.0,413.4169344871632,40.110760919541114,37.00466949078123,0.0,17.562837955210163,108.13799789015864,,,,0.27466587826288263
2304400,23,CE,Fortaleza,fortaleza,2017,2625240,0.669573610340457,2010,0.754,0.749,0.695,0.824,4.1,0.9146,4.4309,267.37,266.28,11845.0,2029,1932,0.0,504.0,2734.0,451.19684295531073,77.28817174810683,73.59327147232253,0.0,19.198244731910226,104.14285931952887,413.4169344871632,40.110760919541114,9.13845208470061,0.5312118323229552
2304400,23,CE,Fortaleza,fortaleza,2018,2643247,0.6859182398561758,2010,0.754,0.749,0.695,0.824,,,,,,9433.0,1540,1445,5.0,478.0,2345.0,356.87168092879705,58.26167588575717,54.6676114642332,0.18916128534336746,18.083818878825927,88.71664282603933,451.19684295531073,77.28817174810683,-20.905545661332614,0.419536995192124
2304400,23,CE,Fortaleza,fortaleza,2019,2669342,0.9872327482070452,2010,0.754,0.749,0.695,0.824,4.4,0.9453,4.649,272.82,275.73,6662.0,708,636,6.0,604.0,2582.0,249.5746142682354,26.523390408572602,23.826096468717758,0.2247744949879034,22.62729916211561,96.72795767646109,356.87168092879705,58.26167588575717,-30.066007586062714,0.22436283513635757
2304400,23,CE,Fortaleza,fortaleza,2020,2686612,0.646975921406856,2010,0.754,0.749,0.695,0.824,,,,,,9451.0,1303,1216,4.0,554.0,2591.0,351.7813513823358,48.49974614868094,45.26146685863087,0.14888640414023313,20.62076697342229,96.44116828183601,249.5746142682354,26.523390408572602,40.95237707319528,0.3575967213383068
2304400,23,CE,Fortaleza,fortaleza,2021,2703391,0.6245412437672515,2010,0.754,0.749,0.695,0.824,4.3,0.9466,4.5863,269.21,274.93,7974.0,927,871,5.0,547.0,2313.0,294.9628818028913,34.29026729762732,32.21879483951822,0.18495289804545476,20.23384704617275,85.55921063582737,351.7813513823358,48.49974614868094,-16.151643444478957,0.26754084245223764
2408102,24,RN,Natal,natal,2016,864563,,2010,0.763,0.768,0.694,0.835,,,,,,4457.0,562,495,0.0,78.0,698.0,515.5205577846842,65.00393840587672,57.25435856033626,0.0,9.021898924659046,80.73442883861557,,,,0.4018938745023336
2408102,24,RN,Natal,natal,2017,871041,0.749280272230024,2010,0.763,0.768,0.694,0.835,3.2,0.7935,4.0701,255.01,253.77,5287.0,586,443,0.0,72.0,722.0,606.9748725949754,67.27582283727172,50.85868518244262,0.0,8.265971406627243,82.88932438312318,515.5205577846842,65.00393840587672,17.740187744072202,0.385395116122485
2408102,24,RN,Natal,natal,2018,877640,0.7575992404490695,2010,0.763,0.768,0.694,0.835,,,,,,4674.0,446,330,6.0,114.0,594.0,532.5646050772526,50.81810309466296,37.600838612642995,0.6836516111389637,12.989380611640307,67.6815095027574,606.9748725949754,67.27582283727172,-12.259200648553959,0.37535555170778073
2408102,24,RN,Natal,natal,2019,884122,0.7385716239004525,2010,0.763,0.768,0.694,0.835,3.5,0.8127,4.351,262.55,265.46,3630.0,220,178,3.0,171.0,481.0,410.57682084599185,24.883443687635868,20.132968074541747,0.33931968664958007,19.341222139026062,54.40425642614933,532.5646050772526,50.81810309466296,-22.90572506476759,0.20874334550596532
2408102,24,RN,Natal,natal,2020,890480,0.7191315225726802,2010,0.763,0.768,0.694,0.835,,,,,,3327.0,245,223,2.0,195.0,316.0,373.6187224867487,27.513251280208426,25.042673614230527,0.2245979696343545,21.898302039349563,35.48647920222801,410.57682084599185,24.883443687635868,-9.00150629134181,0.22959542757351065
2408102,24,RN,Natal,natal,2021,896708,0.6993980774413711,2010,0.763,0.768,0.694,0.835,3.4,0.7835,4.2986,258.76,265.52,2729.0,215,194,5.0,159.0,428.0,304.33541353484077,23.976589926709696,21.634690445496194,0.5575951145746442,17.731524643473684,47.73014180758954,373.6187224867487,27.513251280208426,-18.543853608504655,0.23020714379454324
2507507,25,PB,Joao Pessoa,joao pessoa,2016,783132,,2010,0.763,0.77,0.693,0.832,,,,,,451.0,350,341,0.0,92.0,0.0,57.58926975273645,44.69233794558261,43.54310639841049,0.0,11.747700259981714,0.0,,,,0.294473748866152
2507507,25,PB,Joao Pessoa,joao pessoa,2017,791461,1.0635499507107404,2010,0.763,0.77,0.693,0.832,3.5,0.8152,4.2387,261.27,259.16,340.0,298,287,0.0,31.0,0.0,42.95852859458647,37.6518868270199,36.26205207837152,0.0,3.916807018918178,0.0,57.58926975273645,44.69233794558261,-25.405325021428627,0.221253330223871
2507507,25,PB,Joao Pessoa,joao pessoa,2018,800323,1.119701412956542,2010,0.763,0.77,0.693,0.832,,,,,,1767.0,258,238,5.0,35.0,436.0,220.78585770994962,32.23698431758178,29.737993285211093,0.6247477580926701,4.3732343066486905,54.478004505680836,42.95852859458647,37.6518868270199,413.9511639087483,0.2518821129677819
2507507,25,PB,Joao Pessoa,joao pessoa,2019,809015,1.0860615026683007,2010,0.763,0.77,0.693,0.832,4.0,0.8642,4.6828,274.75,276.18,1687.0,192,184,5.0,27.0,485.0,208.5251818569495,23.732563673108658,22.743706853395796,0.6180355123205379,3.337391766530905,59.94944469509218,220.78585770994962,32.23698431758178,-5.553198008319537,0.1950860466320432
2507507,25,PB,Joao Pessoa,joao pessoa,2020,817511,1.050165942535064,2010,0.763,0.77,0.693,0.832,,,,,,1776.0,240,238,6.0,97.0,353.0,217.24478325062293,29.357403141976075,29.112758115792936,0.7339350785494018,11.865283769881996,43.179847121323135,208.5251818569495,23.732563673108658,4.18155798547879,0.27551897709445083
2507507,25,PB,Joao Pessoa,joao pessoa,2021,825796,1.0134420209636286,2010,0.763,0.77,0.693,0.832,4.1,0.9451,4.3761,261.96,267.69,2035.0,232,228,3.0,105.0,465.0,246.42890011576708,28.09410556602357,27.60972443557489,0.3632858478365117,12.715004674277909,56.309306414659304,217.24478325062293,29.357403141976075,13.433748064493734,0.22725455947858164
2611606,26,PE,Recife,recife,2016,1622335,,2010,0.772,0.798,0.698,0.825,,,,,,6083.0,640,624,0.0,446.0,1520.0,374.95338509000914,39.4493122567164,38.46307945029849,0.0,27.49123947889924,93.69211660970144,,,,0.3083370991364975
2611606,26,PE,Recife,recife,2017,1629796,0.4598926855427621,2010,0.772,0.798,0.698,0.825,4.1,0.9087,4.5335,271.39,269.36,6734.0,790,772,0.0,432.0,1692.0,413.1805452952394,48.472324143635156,47.367891441628274,0.0,26.506384848165045,103.81667398864643,374.95338509000914,39.4493122567164,10.195176714047726,0.3663805254339423
2611606,26,PE,Recife,recife,2018,1637834,0.4931905588184015,2010,0.772,0.798,0.698,0.825,,,,,,5714.0,613,594,6.0,465.0,1307.0,348.87540495556937,37.42748044063074,36.26741171571722,0.36633749207795174,28.39115563604126,79.80051702431382,413.1805452952394,48.472324143635156,-15.563448248445633,0.33775937625731794
2611606,26,PE,Recife,recife,2019,1645727,0.4819169708285553,2010,0.772,0.798,0.698,0.825,4.5,0.926,4.8665,281.15,282.45,5494.0,483,457,8.0,431.0,1485.0,333.8342264543269,29.348731594000707,27.76888268831951,0.4861073555942146,26.18903378263831,90.23367788217608,348.87540495556937,37.42748044063074,-4.3113324377675895,0.2877883781977205
2611606,26,PE,Recife,recife,2020,1653461,0.4699442860206959,2010,0.772,0.798,0.698,0.825,,,,,,4296.0,553,530,8.0,428.0,1303.0,259.81864706818,33.44499809792913,32.05397647721961,0.48383360720331475,25.88509798537734,78.8043987732399,333.8342264543269,29.348731594000707,-22.17135737466789,0.3151595504136654
2611606,26,PE,Recife,recife,2021,1661017,0.4569808420035404,2010,0.772,0.798,0.698,0.825,4.4,0.9256,4.7794,276.33,281.15,3975.0,549,533,12.0,381.0,922.0,239.31121716394233,33.05203980452939,32.08877452789466,0.7224489574760523,22.937754399864662,55.50816156607669,259.81864706818,33.44499809792913,-7.892978481585356,0.3314635339781204
2704302,27,AL,Maceio,maceio,2016,999386,,2010,0.721,0.739,0.635,0.799,,,,,,2247.0,531,449,0.0,155.0,305.0,224.8380505630457,53.1326234307865,44.92758553752004,0.0,15.509522847028077,30.51873850544234,,,,0.33961512252529913
2704302,27,AL,Maceio,maceio,2017,1005669,0.6286860132121097,2010,0.721,0.739,0.635,0.799,3.5,0.8546,4.1534,257.93,256.6,2440.0,665,590,0.0,185.0,515.0,242.62456136164087,66.12513660061113,58.66741442760988,0.0,18.395714693403097,51.209692254608626,224.8380505630457,53.1326234307865,7.910809915872208,0.43974116759739845
2704302,27,AL,Maceio,maceio,2018,1012382,0.6675158526314284,2010,0.721,0.739,0.635,0.799,,,,,,2700.0,456,439,7.0,213.0,998.0,266.69774847834117,45.0422864096754,43.36307836370066,0.6914386071660696,21.039489046624695,98.57938999310537,242.62456136164087,66.12513660061113,9.921990989534791,0.4013768083311277
2704302,27,AL,Maceio,maceio,2019,1018948,0.6485694135217823,2010,0.721,0.739,0.635,0.799,3.9,0.8747,4.4062,263.83,267.95,1898.0,293,288,10.0,323.0,665.0,186.270545700075,28.755147465817686,28.264445290633084,0.9814043503692043,31.6993605169253,65.26338929955209,266.69774847834117,45.0422864096754,-30.156686075209883,0.36006218410914503
2704302,27,AL,Maceio,maceio,2020,1025360,0.629276469456741,2010,0.721,0.739,0.635,0.799,,,,,,1923.0,370,362,10.0,287.0,755.0,187.54388702504485,36.084887259108996,35.304673480533665,0.975267223219162,27.99016930638995,73.63267535304674,186.270545700075,28.755147465817686,0.6835977852452046,0.3968008621431672
2704302,27,AL,Maceio,maceio,2021,1031597,0.6082741671217917,2010,0.721,0.739,0.635,0.799,3.6,0.8609,4.203,255.37,262.31,1798.0,307,304,7.0,287.0,804.0,174.2928682421527,29.75968328717513,29.468872049841167,0.6785595537792374,27.820941704948737,77.93741160550098,187.54388702504485,36.084887259108996,-7.065556224246638,0.3216189065860691
2800308,28,SE,Aracaju,aracaju,2016,632794,,2010,0.77,0.784,0.708,0.823,,,,,,2070.0,449,414,0.0,95.0,533.0,327.1206743426771,70.95516076321836,65.42413486853542,0.0,15.01278457128228,84.22962291045744,,,,0.46871765452582165
2800308,28,SE,Aracaju,aracaju,2017,640689,1.247641412529199,2010,0.77,0.784,0.708,0.823,3.7,0.8199,4.4688,269.93,266.41,2050.0,364,327,0.0,161.0,457.0,319.9680344129523,56.81383635429982,51.03880353806605,0.0,25.12919684901723,71.32945937888742,327.1206743426771,70.95516076321836,-2.186544749608821,0.4029916489110935
2800308,28,SE,Aracaju,aracaju,2018,648939,1.2876762360521266,2010,0.77,0.784,0.708,0.823,,,,,,1825.0,344,281,4.0,151.0,366.0,281.22828185700047,53.00960490893597,43.30145052154363,0.6163907547550694,23.26875099200387,56.399754060088846,319.9680344129523,56.81383635429982,-12.107382109912301,0.4267931335868952
2800308,28,SE,Aracaju,aracaju,2019,657013,1.2441847384730975,2010,0.77,0.784,0.708,0.823,3.7,0.816,4.5882,271.86,272.57,1389.0,209,170,3.0,206.0,348.0,211.41134193691752,31.810633883956633,25.8746782788164,0.45661196962617173,31.354021914330463,52.96698847663592,281.22828185700047,53.00960490893597,-24.82571790399929,0.302471690700019
2800308,28,SE,Aracaju,aracaju,2020,664908,1.201650500066198,2010,0.77,0.784,0.708,0.823,,,,,,1325.0,246,196,0.0,144.0,259.0,199.27568926828977,36.997599667923986,29.477762337045124,0.0,21.657131512931112,38.95275737395249,211.41134193691752,31.810633883956633,-5.740303503796351,0.2511080772803271
2800308,28,SE,Aracaju,aracaju,2021,672614,1.1589573294350508,2010,0.77,0.784,0.708,0.823,4.1,0.9448,4.3403,261.78,265.47,1181.0,198,155,5.0,229.0,211.0,175.58361853901346,29.437389052264745,23.044420722732504,0.743368410410726,34.04627319681125,31.370146919332633,199.27568926828977,36.997599667923986,-11.889092350537101,0.32520837050143836
2927408,29,BA,Salvador,salvador,2016,2826684,,2010,0.759,0.772,0.679,0.835,,,,,,9895.0,1471,1289,0.0,501.0,1644.0,350.0568156893378,52.039775227793406,45.60113546473536,0.0,17.72394791918729,58.16002071685409,,,,0.3451027462469208
2927408,29,BA,Salvador,salvador,2017,2841685,0.5306925004705088,2010,0.759,0.772,0.679,0.835,3.0,0.7601,3.9552,251.31,249.57,9473.0,1521,1326,0.0,601.0,1567.0,333.35855311197406,53.52458136633723,46.662455550140145,0.0,21.149423669407412,55.14333925118372,350.0568156893378,52.039775227793406,-4.770157822661226,0.3644504501756939
2927408,29,BA,Salvador,salvador,2018,2857329,0.5505184424030141,2010,0.759,0.772,0.679,0.835,,,,,,8500.0,1243,1115,7.0,427.0,1406.0,297.4806191376632,43.50216583389592,39.0224576868817,0.24498403928984028,14.944026396680256,49.20679417735935,333.35855311197406,53.52458136633723,-10.762565903704157,0.31234823425938524
2927408,29,BA,Salvador,salvador,2019,2872347,0.5255957574364034,2010,0.759,0.772,0.679,0.835,3.5,0.8021,4.311,261.36,263.91,7981.0,1175,987,13.0,608.0,1228.0,277.85640105460794,40.90731377511143,34.362143571093604,0.4525915566608073,21.167358957674683,42.75249473688242,297.4806191376632,43.50216583389592,-6.596805580122145,0.3302191504687753
2927408,29,BA,Salvador,salvador,2020,2886698,0.499626263818409,2010,0.759,0.772,0.679,0.835,,,,,,7165.0,1553,1151,19.0,498.0,930.0,248.20746749400178,53.79849225655057,39.87254641808738,0.6581914699771158,17.25154484466335,32.21674037256408,277.85640105460794,40.90731377511143,-10.670595835860974,0.4036822117780183
2927408,29,BA,Salvador,salvador,2021,2900319,0.471854000660965,2010,0.759,0.772,0.679,0.835,3.6,0.8852,4.0965,251.55,258.78,8102.0,1614,1271,14.0,403.0,1027.0,279.3485820008075,55.649051018181105,43.82276570266926,0.4827055230821162,13.895023271578058,35.409898014666666,248.20746749400178,53.79849225655057,12.546405159046348,0.39338057598077764
3106200,31,MG,Belo Horizonte,belo horizonte,2016,2481675,,2010,0.81,0.841,0.737,0.856,,,,,,13884.0,638,615,0.0,568.0,7564.0,559.4608480159569,25.708442886356995,24.781649490767325,0.0,22.88776733456234,304.7941410539253,,,,0.2005166822973498
3106200,31,MG,Belo Horizonte,belo horizonte,2017,2491484,0.3952572355364836,2010,0.81,0.841,0.737,0.856,3.9,0.8091,4.7725,281.48,275.86,12138.0,572,549,0.0,617.0,6435.0,487.17952834535566,22.958204828929265,22.035060229164625,0.0,24.764357306729643,258.2798043254542,559.4608480159569,25.708442886356995,-12.919817343239659,0.18762571650812526
3106200,31,MG,Belo Horizonte,belo horizonte,2018,2501576,0.4050597956880342,2010,0.81,0.841,0.737,0.856,,,,,,9170.0,455,414,7.0,613.0,5477.0,366.5689149560117,18.188533948199055,16.54956715286683,0.2798235992030624,24.504552330211034,218.94197897645327,487.17952834535566,22.958204828929265,-24.75691328799935,0.1831660912865261
3106200,31,MG,Belo Horizonte,belo horizonte,2019,2512070,0.4194955500052666,2010,0.81,0.841,0.737,0.856,4.2,0.8505,4.9835,287.54,284.27,7720.0,382,367,17.0,653.0,5123.0,307.31627701457364,15.206582619114913,14.609465500563282,0.6767327343585171,25.994498560947747,203.9353998893343,366.5689149560117,18.188533948199055,-16.164119630424313,0.21545836279432146
3106200,31,MG,Belo Horizonte,belo horizonte,2020,2521564,0.3779353282352904,2010,0.81,0.841,0.737,0.856,,,,,,8448.0,343,339,16.0,662.0,5396.0,335.03016381896316,13.602668819827693,13.444037113474018,0.634526825414703,26.253547401533332,213.99417187110856,307.31627701457364,15.206582619114913,9.018034148277554,0.2021063102526438
3106200,31,MG,Belo Horizonte,belo horizonte,2021,2530701,0.36235447523838,2010,0.81,0.841,0.737,0.856,4.2,0.8827,4.7707,276.99,279.95,8240.0,273,269,17.0,658.0,5918.0,325.60148354151676,10.787524879470155,10.629465906877186,0.6717506335201195,26.00070099154345,233.84824995129807,335.03016381896316,13.602668819827693,-2.814278024990391,0.18629347258168402
3205309,32,ES,Vitoria,vitoria,2016,350568,,2010,0.845,0.876,0.805,0.855,,,,,,656.0,63,51,0.0,25.0,338.0,187.12489445699552,17.970835900595606,14.547819538577393,0.0,7.131284087537939,96.41496086351293,,,,0.09013843540578234
3205309,32,ES,Vitoria,vitoria,2017,354373,1.0853814381232674,2010,0.845,0.876,0.805,0.855,4.4,0.8703,5.0329,291.64,283.72,1569.0,93,86,0.0,29.0,816.0,442.7538215383226,26.243534355043977,24.26821456487938,0.0,8.18346770211049,230.265849824902,187.12489445699552,17.970835900595606,136.6087221174492,0.15476662957406787
3205309,32,ES,Vitoria,vitoria,2018,358267,1.0988421804144275,2010,0.845,0.876,0.805,0.855,,,,,,1151.0,84,76,2.0,86.0,639.0,321.2687744056807,23.446200738555323,21.213229239645294,0.5582428747275077,24.00444361328283,178.3585984754387,442.7538215383226,26.243534355043977,-27.43850899141855,0.24658023159779419
3205309,32,ES,Vitoria,vitoria,2019,362097,1.0690351051031666,2010,0.845,0.876,0.805,0.855,4.8,0.9069,5.2701,298.49,293.14,1052.0,80,73,2.0,125.0,595.0,290.52988563837863,22.09352742497176,20.160343775286734,0.552338185624294,34.52113660151838,164.32061022322748,321.2687744056807,23.446200738555323,-9.567966517806259,0.27048858638277423
3205309,32,ES,Vitoria,vitoria,2020,365855,1.0378434507880565,2010,0.845,0.876,0.805,0.855,,,,,,1017.0,79,67,4.0,107.0,669.0,277.9789807437373,21.593254158068085,18.313266184690658,1.0933293244591435,29.24655942928209,182.85932951579179,290.52988563837863,22.09352742497176,-4.320004762010409,0.3065822249988156
3205309,32,ES,Vitoria,vitoria,2021,369534,1.005589646171301,2010,0.845,0.876,0.805,0.855,4.5,0.9176,4.902,283.57,282.55,932.0,78,66,1.0,72.0,537.0,252.2095395822847,21.107665329847862,17.86033220217896,0.2706110939724085,19.48399876601341,145.31815746318335,277.9789807437373,21.593254158068085,-9.270284066984502,0.1808958669217099
3304557,33,RJ,Rio de Janeiro,rio de janeiro,2016,6628326,,2010,0.799,0.84,0.719,0.845,,,,,,29482.0,1950,1330,0.0,1392.0,6710.0,444.78802038403063,29.41919271924767,20.065398111076615,0.0,21.000777571893718,101.23219648520607,,,,0.1911260626665247
3304557,33,RJ,Rio de Janeiro,rio de janeiro,2017,6657944,0.446839820491629,2010,0.799,0.84,0.719,0.845,3.9,0.8311,4.6902,277.09,274.48,36414.0,2131,1492,0.0,1438.0,6839.0,546.9255974517058,32.00687779891209,22.409320354752158,0.0,21.59825916228794,102.71939806042226,444.78802038403063,29.41919271924767,22.963203230943453,0.20979623620881271
3304557,33,RJ,Rio de Janeiro,rio de janeiro,2018,6688927,0.4653538690021941,2010,0.799,0.84,0.719,0.845,,,,,,35590.0,1987,1338,22.0,1642.0,7050.0,532.0733803792447,29.705810812406835,20.003208287368064,0.3289017805097888,24.548032890776053,105.39807057245504,546.9255974517058,32.00687779891209,-2.715582730386401,0.23974715326441204
3304557,33,RJ,Rio de Janeiro,rio de janeiro,2019,6718903,0.4481436260255211,2010,0.799,0.84,0.719,0.845,4.1,0.8411,4.8361,280.56,280.97,29041.0,1913,1134,21.0,1726.0,6862.0,432.22829679190187,28.471909774556945,16.877755193072442,0.3125510220939341,25.688717339720487,102.12976731469408,532.0733803792447,29.705810812406835,-18.765284501956568,0.22659215480174155
3304557,33,RJ,Rio de Janeiro,rio de janeiro,2020,6747815,0.430308340513319,2010,0.799,0.84,0.719,0.845,,,,,,21327.0,1420,957,18.0,1481.0,6027.0,316.0578646569297,21.0438490089014,14.182368663041297,0.2667530156057924,21.947845339565472,89.31780139200615,432.22829679190187,28.471909774556945,-26.877100133706165,0.17534951403718702
3304557,33,RJ,Rio de Janeiro,rio de janeiro,2021,6775561,0.4111849539443435,2010,0.799,0.84,0.719,0.845,4.0,0.8863,4.5224,267.52,272.25,21498.0,1304,790,25.0,1600.0,6367.0,317.28738033647693,19.24563884820755,11.659551142702426,0.368973137427292,23.614280795346687,93.97007863998272,316.0578646569297,21.0438490089014,0.3890160053070746,0.17724413798321195
3550308,35,SP,Sao Paulo,sao paulo,2016,12022916,,2010,0.805,0.843,0.725,0.855,,,,,,86721.0,1450,887,0.0,2316.0,44668.0,721.2975620889308,12.06030217627737,7.377577951971053,0.0,19.26321368293682,371.5238466275569,,,,0.08333449054535472
3550308,35,SP,Sao Paulo,sao paulo,2017,12099887,0.6402024267656792,2010,0.805,0.843,0.725,0.855,4.2,0.9022,4.6421,274.12,274.05,78993.0,1345,777,0.0,2546.0,42547.0,652.8408075215909,11.115806288108312,6.421547573130229,0.0,21.04151881748978,351.63138300382474,721.2975620889308,12.06030217627737,-9.490778586452464,0.08239636365386911
3550308,35,SP,Sao Paulo,sao paulo,2018,12176866,0.6361960239793962,2010,0.805,0.843,0.725,0.855,,,,,,71195.0,1225,723,29.0,2590.0,40395.0,584.674250336663,10.060059788783091,5.937488348808306,0.23815651744874253,21.26984069628425,331.73560421868814,652.8408075215909,11.115806288108312,-10.441528225496766,0.10451665272827877
3550308,35,SP,Sao Paulo,sao paulo,2019,12252023,0.6172113579963945,2010,0.805,0.843,0.725,0.855,4.6,0.9356,4.9668,283.93,286.54,62530.0,1175,685,44.0,2663.0,37331.0,510.3646965076706,9.590252972917208,5.590913435275138,0.3591243666454103,21.735186099471083,304.69253934635935,584.674250336663,10.060059788783091,-12.70956499045477,0.11672237320761632
3550308,35,SP,Sao Paulo,sao paulo,2020,12325232,0.597525812676003,2010,0.805,0.843,0.725,0.855,,,,,,44613.0,1177,709,40.0,2318.0,27035.0,361.9647889792257,9.549515984770103,5.752427215974515,0.32453750160646067,18.806948218094394,219.34678389826655,510.3646965076706,9.590252972917208,-29.07722821423925,0.1041421019569917
3550308,35,SP,Sao Paulo,sao paulo,2021,12396372,0.5771899466070929,2010,0.805,0.843,0.725,0.855,4.7,0.949,4.9227,280.81,286.52,51390.0,958,603,33.0,2339.0,34331.0,414.5567751596999,7.7280675345980265,4.8643264335726615,0.26620691925024514,18.86842376140374,276.94393166000503,361.9647889792257,9.549515984770103,14.529586242017745,0.08857870948158103
4106902,41,PR,Curitiba,curitiba,2016,1884840,,2010,0.823,0.85,0.768,0.855,,,,,,11867.0,582,468,0.0,570.0,5518.0,629.6025126801214,30.877952505252438,24.829693767110207,0.0,30.241293690711146,292.7569448865686,,,,0.24116254916263533
4106902,41,PR,Curitiba,curitiba,2017,1900892,0.8516372742513934,2010,0.823,0.85,0.768,0.855,4.0,0.8424,4.729,279.49,274.82,10740.0,464,371,0.0,711.0,5586.0,564.9979062461202,24.409592970037224,19.51715299974959,0.0,37.40349267606997,293.86203950566363,629.6025126801214,30.877952505252438,-10.261173539315982,0.22332975786745918
4106902,41,PR,Curitiba,curitiba,2018,1917185,0.8571239186655477,2010,0.823,0.85,0.768,0.855,,,,,,8944.0,403,298,7.0,797.0,4860.0,466.51731575200097,21.020402308593066,15.543622550771053,0.36511865052146764,41.57136635222996,253.49666307633328,564.9979062461202,24.409592970037224,-17.430257600144074,0.2520718075120959
4106902,41,PR,Curitiba,curitiba,2019,1933105,0.8303841309002413,2010,0.823,0.85,0.768,0.855,4.7,0.9074,5.1629,293.3,290.85,8313.0,338,245,3.0,1091.0,4777.0,430.0335470654724,17.484823638653875,12.673910625651477,0.15519074235491606,56.43769996973781,247.11539207647797,466.51731575200097,21.020402308593066,-7.820453272504723,0.2530690073567945
4106902,41,PR,Curitiba,curitiba,2020,1948626,0.8029051706968771,2010,0.823,0.85,0.768,0.855,,,,,,5959.0,347,247,8.0,702.0,3558.0,305.80521865150115,17.80741917638377,12.675598088088735,0.4105456870636027,36.025384039831145,182.59019432153733,430.0335470654724,17.484823638653875,-28.888055190507632,0.2191504815101093
4106902,41,PR,Curitiba,curitiba,2021,1963726,0.7749049843325473,2010,0.823,0.85,0.768,0.855,4.9,0.9617,5.0448,287.48,288.42,4885.0,327,218,8.0,724.0,2828.0,248.76179263298445,16.652017644009398,11.101345096006266,0.40738881086261525,36.86868738306668,144.01194463993448,305.80521865150115,17.80741917638377,-18.653516205530806,0.21211551297957715
4205407,42,SC,Florianopolis,florianopolis,2016,476732,,2010,0.847,0.87,0.8,0.873,,,,,,1538.0,90,79,0.0,195.0,862.0,322.6131243549835,18.878531334166787,16.57115528221307,0.0,40.90348455736137,180.81437788946408,,,,0.20536329137289405
4205407,42,SC,Florianopolis,florianopolis,2017,484852,1.703263049260384,2010,0.847,0.87,0.8,0.873,4.1,0.8577,4.794,283.69,275.22,1469.0,181,151,0.0,221.0,696.0,302.97905340186287,37.33097935039971,31.143524209449485,0.0,45.58091953833335,143.5489592700453,322.6131243549835,18.878531334166787,-6.085949228623599,0.3324742247803542
4205407,42,SC,Florianopolis,florianopolis,2018,492977,1.6757691006740183,2010,0.847,0.87,0.8,0.873,,,,,,1151.0,123,98,4.0,232.0,525.0,233.47945238824528,24.950454077979295,19.879223574324968,0.8113968805846925,47.06101907391217,106.4958405767409,302.97905340186287,37.33097935039971,-22.93874782209293,0.3472991115484487
4205407,42,SC,Florianopolis,florianopolis,2019,500973,1.6219823642888098,2010,0.847,0.87,0.8,0.873,4.2,0.829,5.0127,289.56,284.32,955.0,70,61,1.0,218.0,463.0,190.6290358961461,13.97280891385364,12.176304910643886,0.19961155591219487,43.51531918885848,92.42015038734623,233.47945238824528,24.950454077979295,-18.352971130343686,0.20414038081007888
4205407,42,SC,Florianopolis,florianopolis,2020,508826,1.567549548578473,2010,0.847,0.87,0.8,0.873,,,,,,823.0,82,65,4.0,225.0,386.0,161.74487938902493,16.11552868760637,12.774504447492856,0.7861233506149449,44.21943847209066,75.8609033343422,190.6290358961461,13.97280891385364,-15.152023599834564,0.2812989025460231
4205407,42,SC,Florianopolis,florianopolis,2021,516524,1.512894388258457,2010,0.847,0.87,0.8,0.873,3.9,0.7792,4.9949,286.73,285.79,747.0,56,44,4.0,205.0,366.0,144.6205791018423,10.841703386483493,8.518481232237031,0.7744073847488209,39.688378468377074,70.85827570451711,161.74487938902493,16.11552868760637,-10.58722869735843,0.23339497498789835
4314902,43,RS,Porto Alegre,porto alegre,2016,1469339,,2010,0.805,0.867,0.702,0.857,,,,,,12895.0,827,785,0.0,244.0,3653.0,877.6055083272139,56.283811972594485,53.4253837950262,0.0,16.60610655539668,248.61519363468878,,,,0.3827943984867232
4314902,43,RS,Porto Alegre,porto alegre,2017,1474262,0.3350486170992539,2010,0.805,0.867,0.702,0.857,3.7,0.7631,4.8502,283.41,279.24,12931.0,687,670,0.0,689.0,3109.0,877.1168218403513,46.59958677629892,45.44646745286794,0.0,46.73524787317315,210.88517509099466,877.6055083272139,56.283811972594485,-0.055684072424977415,0.41647240636260524
4314902,43,RS,Porto Alegre,porto alegre,2018,1479101,0.3282320238872094,2010,0.805,0.867,0.702,0.857,,,,,,12460.0,584,537,22.0,672.0,2957.0,842.4035951567878,39.483442983271594,36.305837126741174,1.4873899753972175,45.43300288486047,199.9187344204351,877.1168218403513,46.59958677629892,-3.95765145750242,0.5234325473324413
4314902,43,RS,Porto Alegre,porto alegre,2019,1483771,0.3157323265956746,2010,0.805,0.867,0.702,0.857,4.2,0.8249,5.1187,291.41,289.67,8600.0,357,322,6.0,665.0,2812.0,579.6042650786409,24.060316585241253,21.701462018060738,0.4043750686595169,44.818236776429785,189.51711551176024,842.4035951567878,39.483442983271594,-31.196368532738138,0.297965794747579
4314902,43,RS,Porto Alegre,porto alegre,2020,1488252,0.3020007804438895,2010,0.805,0.867,0.702,0.857,,,,,,6060.0,306,278,10.0,512.0,1874.0,407.1891050709154,20.561034018432363,18.679632212824174,0.6719292162886393,34.40277587397833,125.91953513249099,579.6042650786409,24.060316585241253,-29.74704818370033,0.2732322754531139
4314902,43,RS,Porto Alegre,porto alegre,2021,1492530,0.2874513187282712,2010,0.805,0.867,0.702,0.857,4.3,0.8707,4.9112,281.26,285.33,4817.0,298,244,9.0,507.0,2082.0,322.740581428849,19.966097833879388,16.34808010559252,0.6030029547144781,33.9691664489156,139.49468352394925,407.1891050709154,20.561034018432363,-20.739386832896468,0.2541745355807177
5002704,50,MS,Campo Grande,campo grande,2016,864903,,2010,0.784,0.79,0.724,0.844,,,,,,3277.0,162,149,0.0,538.0,2047.0,378.8864184769853,18.730424105362104,17.227365380857737,0.0,62.20350721410378,236.67393915849524,,,,0.2734667415308264
5002704,50,MS,Campo Grande,campo grande,2017,875239,1.195047305882846,2010,0.784,0.79,0.724,0.844,3.8,0.8199,4.6673,276.4,273.6,3147.0,118,112,0.0,651.0,1912.0,359.5589319031716,13.482031765037892,12.79650472613766,0.0,74.37968372067516,218.4546163962072,378.8864184769853,18.730424105362104,-5.101129423299112,0.27841655964880985
5002704,50,MS,Campo Grande,campo grande,2018,885711,1.1964731918938654,2010,0.784,0.79,0.724,0.844,,,,,,3458.0,154,121,9.0,659.0,2224.0,390.42080317394726,17.387161274953115,13.661341001748877,1.0161328017829745,74.40350181944223,251.09770568503723,359.5589319031716,13.482031765037892,8.583258134465343,0.40843635496013675
5002704,50,MS,Campo Grande,campo grande,2019,895982,1.159633334123655,2010,0.784,0.79,0.724,0.844,4.2,0.8568,4.9602,285.41,284.71,3187.0,93,86,5.0,673.0,2113.0,355.69911002676395,10.379672805926905,9.598407110857138,0.5580469250498336,75.1131161117076,235.83063052605968,390.42080317394726,17.387161274953115,-8.893402417317775,0.3216747146600529
5002704,50,MS,Campo Grande,campo grande,2020,906092,1.1283708824507688,2010,0.784,0.79,0.724,0.844,,,,,,2977.0,182,172,16.0,696.0,1859.0,328.5538333855723,20.0862605563232,18.98261986641533,1.765825103852589,76.81339201758762,205.1668042538727,355.69911002676395,10.379672805926905,-7.631527849240083,0.5272093233142627
5002704,50,MS,Campo Grande,campo grande,2021,916001,1.0935975596296998,2010,0.784,0.79,0.724,0.844,3.8,0.82,4.6635,273.91,275.68,2927.0,140,133,2.0,735.0,1775.0,319.5411358721224,15.283826109360142,14.519634803892135,0.2183403729908592,80.24008707414075,193.77708102938752,328.5538333855723,20.0862605563232,-2.7431417921924273,0.3331251895885433
5103403,51,MT,Cuiaba,cuiaba,2016,596358,,2010,0.785,0.8,0.726,0.834,,,,,,3181.0,218,196,0.0,353.0,1158.0,533.404431566274,36.555223540222485,32.86616428386976,0.0,59.192632613296034,194.1786644934754,,,,0.37813618279359196
5103403,51,MT,Cuiaba,cuiaba,2017,601665,0.8899017033392687,2010,0.785,0.8,0.726,0.834,3.5,0.7919,4.3646,265.93,263.2,2606.0,153,142,0.0,320.0,926.0,433.1313937157721,25.42943332252998,23.60117341045266,0.0,53.18574289679473,153.90624350759975,533.404431566274,36.555223540222485,-18.798688559085065,0.28993044070128204
5103403,51,MT,Cuiaba,cuiaba,2018,607153,0.9121354906800327,2010,0.785,0.8,0.726,0.834,,,,,,2412.0,137,114,6.0,313.0,778.0,397.2639515904558,22.564328925328542,18.776156915966816,0.988218785050885,51.55207995348784,128.1390357949314,433.1313937157721,25.42943332252998,-8.280961076871996,0.36919855668121115
5103403,51,MT,Cuiaba,cuiaba,2019,612547,0.8884086877607444,2010,0.785,0.8,0.726,0.834,3.6,0.7915,4.5681,271.33,271.73,2422.0,99,94,0.0,292.0,1040.0,395.3982306663815,16.162025118072574,15.345761223220421,0.0,47.66981145936556,169.78289012924722,397.2639515904558,22.564328925328542,-0.4696426435383483,0.2130223252144131
5103403,51,MT,Cuiaba,cuiaba,2020,617848,0.8654029813222497,2010,0.785,0.8,0.726,0.834,,,,,,1938.0,108,80,6.0,291.0,838.0,313.66938146599165,17.48002745011718,12.948168481568281,0.9711126361176211,47.09896285170463,135.63206484442776,395.3982306663815,16.162025118072574,-20.670008832019494,0.31620421208358584
5103403,51,MT,Cuiaba,cuiaba,2021,623614,0.9332392433090364,2010,0.785,0.8,0.726,0.834,3.7,0.8494,4.4143,263.7,268.61,1761.0,66,47,5.0,342.0,867.0,282.3862196807641,10.583469902856574,7.536713415670591,0.8017780229436798,54.84161676934771,139.02830917843409,313.66938146599165,17.48002745011718,-9.973291508090442,0.27943605255296805
5208707,52,GO,Goiania,goiania,2016,1454256,,2010,0.799,0.824,0.739,0.838,,,,,,11838.0,599,452,0.0,161.0,3733.0,814.0244908736839,41.18944669989328,31.08118515584601,0.0,11.070953119670815,256.69483227162203,,,,0.237854647275535
5208707,52,GO,Goiania,goiania,2017,1474900,1.4195574919408926,2010,0.799,0.824,0.739,0.838,4.3,0.8996,4.7424,278.91,276.26,9973.0,565,438,0.0,117.0,3634.0,676.1814360295614,38.307681876737405,29.696928605329173,0.0,7.932741202793409,246.38958573462605,814.0244908736839,41.18944669989328,-16.933526741459225,0.21354979511929698
5208707,52,GO,Goiania,goiania,2018,1495705,1.410604108753133,2010,0.799,0.824,0.739,0.838,,,,,,7229.0,457,409,11.0,122.0,3403.0,483.31723167335804,30.554153392547327,27.344964414774307,0.7354391407396512,8.156688651839769,227.51812690336664,676.1814360295614,38.307681876737405,-28.522552391954704,0.2621565290933074
5208707,52,GO,Goiania,goiania,2019,1516113,1.364440180383153,2010,0.799,0.824,0.739,0.838,4.8,0.9325,5.1432,291.79,290.95,4359.0,420,265,1.0,501.0,2393.0,287.51155092001716,27.702420597936964,17.478908234412607,0.06595814428080228,33.04503028468195,157.8378392639599,483.31723167335804,30.554153392547327,-40.512869792665064,0.2213553554252261
5208707,52,GO,Goiania,goiania,2020,1536097,1.318107555307546,2010,0.799,0.824,0.739,0.838,,,,,,3072.0,382,233,4.0,458.0,1606.0,199.98737058922708,24.86822121259269,15.168312938570937,0.26040022212138947,29.815825432899096,104.55068918173787,287.51155092001716,27.702420597936964,-30.441970088060366,0.21552179893472787
5208707,52,GO,Goiania,goiania,2021,1555626,1.2713389844521528,2010,0.799,0.824,0.739,0.838,4.5,0.936,4.7849,277.13,280.77,2452.0,258,165,4.0,409.0,1436.0,157.62143342937185,16.584963223808295,10.60666252685414,0.2571312127722216,26.291666505959657,92.31010538522756,199.98737058922708,24.86822121259269,-21.184306306459032,0.16042671525297705
5300108,53,DF,Brasilia,brasilia,2016,2890224,,2010,0.824,0.863,0.742,0.873,,,,,,14077.0,659,603,0.0,668.0,7038.0,487.05567457747225,22.8010008912804,20.863434806437148,0.0,23.11239544063021,243.51053759155,,,,0.17793892583600893
5300108,53,DF,Brasilia,brasilia,2017,2931057,1.4127970704000736,2010,0.824,0.863,0.742,0.873,4.1,0.8335,4.8804,286.41,278.44,12063.0,556,508,0.0,889.0,5726.0,411.55801473666327,18.969266036109158,17.331631558171676,0.0,30.33035522680043,195.35614626395872,487.05567457747225,22.8010008912804,-15.500827478563773,0.17532942796559137
5300108,53,DF,Brasilia,brasilia,2018,2974703,1.4890873838345753,2010,0.824,0.863,0.742,0.873,,,,,,10656.0,505,459,28.0,789.0,5300.0,358.22063580801176,16.976484711246805,15.430111846459965,0.9412704394354664,26.523656311235104,178.1690474645704,411.55801473666327,18.969266036109158,-12.959868844439736,0.2555328616511597
5300108,53,DF,Brasilia,brasilia,2019,3015268,1.3636655491321426,2010,0.824,0.863,0.742,0.873,4.5,0.8653,5.2341,296.45,292.65,9848.0,461,422,32.0,762.0,5137.0,326.6044676625759,15.28885657924934,13.995439211373581,1.0612655326160063,25.27138549541865,170.36628253276325,358.22063580801176,16.976484711246805,-8.825892476607766,0.2544190140964851
5300108,53,DF,Brasilia,brasilia,2020,3055149,1.3226353345705988,2010,0.824,0.863,0.742,0.873,,,,,,7682.0,425,376,17.0,699.0,4285.0,251.44436490658887,13.910941823132031,12.307092059994455,0.5564376729252812,22.8794078455748,140.25502520499,326.6044676625759,15.28885657924934,-23.01257643347274,0.18001550265724287
5300108,53,DF,Brasilia,brasilia,2021,3094325,1.2822942514423952,2010,0.824,0.863,0.742,0.873,4.5,0.8822,5.0859,289.21,289.54,6757.0,347,310,25.0,593.0,3733.0,218.36749533420053,11.214077383597392,10.018340025692194,0.8079306472332415,19.164114952372486,120.64020424486762,251.44436490658887,13.910941823132031,-13.154746810363537,0.17959351633965007
